session_idx	line_start	line_end	timestamp	agent	uuid	first_user_prompt
1	3	2245	2026-03-31 11:12:16-0400	Claude Code	1d30a544-edf1-4f4a-a4aa-76911441dbf0	Session-Close Audit — Final Verdict
2	2246	12071	2026-03-31 19:32:39-0400	Claude Code	16aa6e75-6af8-47f2-b7ea-a85ce15abfd6	I'm attempting to get into a certain flow, an orchestrator flow, something that we've been developing. And I can't get i
3	12072	23309	2026-03-31 19:32:39-0400	Claude Code	300ecbd9-654b-467b-9607-7c75e11e79ea	I'm attempting to get into a certain flow, an orchestrator flow, something that we've been developing. And I can't get i
4	23310	44414	2026-04-02 13:57:29-0400	Claude Code	f38dde85-3683-4f19-beaf-009cb20b35a5	parallel-bursting-dams
5	44415	50592	2026-04-03 11:22:05-0400	Claude Code	ee3f6b10-cc01-4a8a-8f54-279b6992cd28	# Warp history, per-directory vs global prompts exploration
6	50593	58628	2026-04-03 13:11:08-0400	Claude Code	7f9dca16-f5ab-4a89-abe6-f014ef936d50	> how do i make it i can interact with my entire workspace and now have an IDE try and
7	58629	78509	2026-04-03 16:23:10-0400	Claude Code	c10b0a34-5e8e-48ef-a10f-1ee1e940536f	define the workspace folder ideal form and purpose
8	78510	91162	2026-04-03 19:59:52-0400	Claude Code	21af5b70-2934-46a1-b52c-14055eaad847	Transcripts from a previous session. Remove all of the non-prompt or response interaction between me and you. So, anythi
9	91163	95381	2026-04-03 20:13:41-0400	Claude Code	13ed9187-fe72-4402-bac0-bed1b6e8549a	providing a linear brainstorm requiring organization into logical couplings; remove code suggestions; ideas repeat and c
10	95382	95997	2026-04-04 14:56:22-0400	Claude Code	1077f8e8-a4a5-4125-a611-bac8f00e78e2	a series of github issues need review:
11	95998	111336	2026-04-04 15:58:56-0400	Claude Code	14242556-a352-41f0-8b29-c2ecf155911d	prompting::::
12	111337	120762	2026-04-05 09:46:49-0400	Claude Code	3a30a5af-0319-4e35-8006-4df306b9ae67	something is containerless in workspace causing wild unbounded actions
13	120763	168804	2026-04-06 17:54:14-0400	Claude Code	d0beac20-36d7-4a77-bad0-d06b8ee407b2	<local-command-caveat>Caveat: The messages below were generated by the user while running local commands. DO NOT respond
14	168805	179988	2026-04-07 16:54:49-0400	Claude Code	503f9968-d5d2-40fc-9531-e947f75f9b20	address gaps:
15	179989	197227	2026-04-07 18:57:27-0400	Claude Code	92e913d4-b216-420f-af8d-f10cfd590660	review integrity/completion:"# Knowledge Graph Builder discussion overview
16	197228	197266	2026-04-07 20:33:06-0400	Claude Code	6c18be4a-f7b4-41e9-8397-e1dd56702abc	<command-message>review</command-message>
17	197267	202741	2026-04-15 12:48:51-0400	Claude Code	80276ed9-b23e-43ce-afcb-c8f4bff4c901	<command-name>/clear</command-name>
18	202742	212450	2026-04-20 10:37:47-0400	Claude Code	dc951f2e-ef78-45fa-a624-e9c6fbe48c6c	<command-name>/clear</command-name>
19	212451	224035	2026-04-21 06:12:03-0400	Claude Code	e8b825ba-c0a0-4900-b868-530683abfaf3	❯ commit[all] push[origin]; source returned improved onnwards+upwards;
20	224036	241577	2026-04-21 06:16:49-0400	Claude Code	3139faee-d567-4c68-983c-c415493a5307	<command-name>/clear</command-name>
21	241578	241595	2026-04-21 07:54:14-0400	Claude Code	2a3aabaa-d7d0-4e9a-ad6a-6bad0f208181	<command-name>/clear</command-name>
22	241596	251484	2026-04-21 09:52:49-0400	Claude Code	26278b64-6ce8-4e62-ad20-32929981074f	<command-name>/clear</command-name>
23	251485	266062	2026-04-21 11:29:02-0400	Claude Code	b04d670e-6632-4060-8fd0-a8ccac7e18cd	<command-name>/clear</command-name>
24	266063	279512	2026-04-21 17:27:48-0400	Claude Code	ff4bd160-ade1-4c1d-8aed-044b94c7d24c	Let me ask you a question. Do we have egg on our face? Have we stepped in any shit? What about Matt? What about Voidborn
25	279513	279530	2026-04-28 16:07:48-0400	Claude Code	538320b4-5a42-4a75-84cc-11488dc5f445	<command-name>/heapdump</command-name>
26	279531	279548	2026-04-28 16:09:13-0400	Claude Code	c525320b-f5b4-40be-9ff6-713d93de6da9	<command-name>/clear</command-name>
27	279549	291700	2026-04-28 16:26:19-0400	Claude Code	40f913cf-29e9-4a00-ab7f-da08f6b5548d	<ide_opened_file>The user opened the file jetski.artifacts in the IDE. This may or may not be related to the current tas
28	291701	293034	2026-04-29 11:20:40-0400	Claude Code	534d27e0-931e-4c85-bc95-662d0858f396	Using npm as the preferred package manager. Found multiple lockfiles for /Users/4jp/Workspace/organvm/public-record-data
29	293035	306701	2026-04-29 17:32:21-0400	Claude Code	862ddc2d-a3b1-4316-865c-34864dae3b52	<command-name>/clear</command-name>
30	306702	312757	2026-04-29 17:32:21-0400	Claude Code	a20be727-c853-417b-909c-ac95e6807ef4	<command-name>/clear</command-name>
31	312758	318854	2026-04-29 13:53:13-0400	Claude Code	0756af6f-dec9-48a2-9936-5ba56ded4b50	1
32	318855	318933	2026-04-29 11:28:56-0400	Claude Code	09f77868-1826-4e48-8ae5-f100448e481a	opencode bug::::::
33	318934	319918	2026-04-29 19:53:16-0400	Claude Code	13413b74-5dbe-461c-88ab-e857f1b992ea	⎿  Conversation exported to: /Users/4jp/Workspace/organvm/organvm-corpvs-testamentv
34	319919	323112	2026-04-21 08:21:07-0400	Claude Code	1430da25-7735-450a-ae51-f293acad373b	<local-command-caveat>Caveat: The messages below were generated by the user while running local commands. DO NOT respond
35	323113	323410	2026-04-30 02:56:06-0400	Claude Code	18e04938-c6a1-442f-a5df-cd720c387ac9	install gitlens
36	323411	336335	2026-04-29 14:48:49-0400	Claude Code	19717273-7a5f-4151-8cb3-cfec05d61ca9	opencode run "$(cat /Users/4jp/.claude/plans/dispatch-logs/2026-04-29/bundle-2-repo-triage-prompt.md)" --dir /Users/4jp/
37	336336	338878	2026-04-29 18:00:46-0400	Claude Code	1e6a2e80-d141-466a-adac-db95c7f1bf2b	pick back up:::::::::::
38	338879	345084	2026-04-29 14:59:39-0400	Claude Code	2065a257-9090-4777-b4ab-3abb0b1f4317	<command-name>/clear</command-name>
39	345085	356491	2026-04-29 23:04:29-0400	Claude Code	219decd2-4381-45c5-a601-9a225b19b1d4	<local-command-caveat>Caveat: The messages below were generated by the user while running local commands. DO NOT respond
40	356492	364977	2026-04-27 22:43:32-0400	Claude Code	30ee3d3a-81d6-42ac-ace1-441f570c36c3	❯ Hello, I have a container in Dropbox with exports of my iMessages. They're old, but they still exist. The existence of
41	364978	373098	2026-04-29 17:52:30-0400	Claude Code	381e9cfe-0633-45a0-baa4-204b8843cc00	<local-command-caveat>Caveat: The messages below were generated by the user while running local commands. DO NOT respond
42	373099	380329	2026-04-29 16:19:21-0400	Claude Code	4330dd64-57f4-4fc6-b953-357ac7187ac0	<local-command-caveat>Caveat: The messages below were generated by the user while running local commands. DO NOT respond
43	380330	380368	2026-04-16 08:44:04-0400	Claude Code	442f335d-29fa-41d4-b04a-50f2b3f8de32	<command-message>review</command-message>
44	380369	380433	2026-04-29 23:50:47-0400	Claude Code	4ba96b05-99c3-4355-ab8c-72c976bd8147	<local-command-caveat>Caveat: The messages below were generated by the user while running local commands. DO NOT respond
45	380434	386473	2026-04-27 21:09:36-0400	Claude Code	4bae0764-0f60-41ba-8dde-742341356921	So while Rob, Maddie, Jessica, and Scott point directly to clear things, they might also point to other things as well, 
46	386474	392024	2026-04-28 01:00:39-0400	Claude Code	4edb2bcb-0d14-458a-a4d3-dbc8b10b02bc	I'm going to provide you disparate sessions of work that require quality assurance and completeness checking............
47	392025	392099	2026-04-29 21:26:13-0400	Claude Code	5177574c-66bd-4fec-9c13-d9895208bf78	<command-message>debug</command-message>
48	392100	393569	2026-04-29 21:44:21-0400	Claude Code	52e64381-d1f9-40f2-bb5c-6fd009d92dc4	<local-command-caveat>Caveat: The messages below were generated by the user while running local commands. DO NOT respond
49	393570	393619	2026-04-28 15:55:29-0400	Claude Code	5e841c5d-e803-4101-8a29-966da451f6d8	<local-command-caveat>Caveat: The messages below were generated by the user while running local commands. DO NOT respond
50	393620	396236	2026-04-29 15:49:57-0400	Claude Code	64c84ec0-988c-4850-8b1e-10712f52edbf	check work of acolytes for a disciple hoped:::::::::
51	396237	398412	2026-04-16 19:27:56-0400	Claude Code	68b76cef-bcc0-414f-a892-2b3f85167c7d	This session is being continued from a previous conversation that ran out of context. The summary below covers the earli
52	398413	399983	2026-04-27 22:12:57-0400	Claude Code	6a5a3b11-5efd-43de-85df-7c0c50e7b1fe	<command-name>/clear</command-name>
53	399984	403341	2026-04-29 15:43:50-0400	Claude Code	6e4fb0e2-f027-4a9b-a4e5-0ab67bd42934	appears as files are missing but they mustve been simply relocated; all local history all within this project workspace 
54	403342	410671	2026-04-29 17:14:40-0400	Claude Code	702449fc-ef27-4f2d-8c4b-efa38b6a31a3	<local-command-caveat>Caveat: The messages below were generated by the user while running local commands. DO NOT respond
55	410672	410869	2026-04-28 01:29:30-0400	Claude Code	711d0d5d-7d5a-4d06-84c2-0b38976cf86e	other another:::::::::::::::::
56	410870	423538	2026-04-16 08:39:08-0400	Claude Code	7e0c6d34-3bcf-43da-8a33-7dadcd98318d	<local-command-caveat>Caveat: The messages below were generated by the user while running local commands. DO NOT respond
57	423539	428406	2026-04-29 15:28:49-0400	Claude Code	8784ba7f-b082-4218-866a-7126805112b3	<command-name>/model</command-name>
58	428407	428775	2026-04-15 12:31:38-0400	Claude Code	8a0af79f-ef22-4d8e-b58e-6c778e2821b7	fix:
59	428776	429108	2026-04-29 15:41:57-0400	Claude Code	8a63d102-9f75-483f-b6a6-41773bb7a96a	review submissions from those who wish to impress thee:::::::::::::::
60	429109	431407	2026-04-29 13:59:04-0400	Claude Code	93197248-0597-456b-a113-9f541b40ed3c	Two different Gemini approaches. One didn't complete, but that speaks to Gemini. We need to check on its status and if i
61	431408	433115	2026-04-27 22:33:56-0400	Claude Code	9da846e6-21be-458c-93ba-19a1eb69e220	check all quality, completeness, correctness::::::::::::
62	433116	436300	2026-04-16 19:54:15-0400	Claude Code	a17ba5e8-d9f5-40d1-a661-8741234ea618	This session is being continued from a previous conversation that ran out of context. The summary below covers the earli
63	436301	436374	2026-04-29 15:30:46-0400	Claude Code	a85a4f6a-3a0e-4cb9-a313-2363c70c5d44	<command-name>/clear</command-name>
64	436375	442153	2026-04-27 21:57:27-0400	Claude Code	ade955a7-1c18-4e75-ab00-7d8a39dc522b	❯ Find everything related to Maddie, the Spiral, what she needs, stuff we've talked about, etc.  /Users/4jp/Workspace/or
65	442154	514257	2026-04-27 21:48:54-0400	Claude Code	b3a48ab1-0bcf-4d1d-b9c7-a41595ee0aa2	<local-command-caveat>Caveat: The messages below were generated by the user while running local commands. DO NOT respond
66	514258	517592	2026-04-27 22:11:41-0400	Claude Code	b725a65f-6a53-4618-86d7-92bf7bda9084	previous relay hand wring::::::::::::::
67	517593	518694	2026-04-29 18:51:18-0400	Claude Code	c948d4d1-10c7-4cda-9391-226fce726612	<local-command-caveat>Caveat: The messages below were generated by the user while running local commands. DO NOT respond
68	518695	542120	2026-04-19 16:25:57-0400	Claude Code	ce3657b3-2744-49e8-b2a1-5b93d3ab410c	<local-command-caveat>Caveat: The messages below were generated by the user while running local commands. DO NOT respond
69	542121	549387	2026-04-27 21:16:04-0400	Claude Code	d1b477ce-ceee-4b1a-89be-1d908218de71	❯ Look to the others who have joined the party. All need to study one another to improve the ships' rise in totality.  :
70	549388	549601	2026-04-29 14:56:24-0400	Claude Code	d7017179-bb06-406d-88e9-5b998e8399dd	<command-name>/clear</command-name>
71	549602	556168	2026-04-29 15:25:11-0400	Claude Code	d8688a3d-d497-402f-8b54-730a1d675faa	<local-command-caveat>Caveat: The messages below were generated by the user while running local commands. DO NOT respond
72	556169	557250	2026-04-29 21:36:14-0400	Claude Code	dd1342ee-de04-4e93-a876-ef68c42208cf	<command-name>/model</command-name>
73	557251	557391	2026-04-29 17:24:20-0400	Claude Code	ded3c987-93ff-492a-a34e-73d53eb83096	<command-name>/model</command-name>
74	557392	570586	2026-04-20 10:42:23-0400	Claude Code	ea0bacbf-dbcc-406c-80e3-e63580704d1c	<command-name>/effort</command-name>
75	570587	576435	2026-04-29 16:34:48-0400	Claude Code	eecd757b-9d7b-42a7-8aff-75ef67b28690	<command-name>/model</command-name>
76	576436	582378	2026-04-29 12:49:38-0400	Claude Code	f14f2d23-959d-4c95-8196-4377fe2d0ee3	they died so you can live--review their work and honor our name::::::::::
77	582379	585386	2026-04-29 23:52:53-0400	Claude Code	f39a9e00-4a26-496c-bd85-e3eb82b04264	<command-message>update-config</command-message>
78	585387	593714	2026-04-18 11:10:18-0400	Claude Code	f7ad5bf7-0cd1-4221-83fd-b140db07dac8	there are emails, linkedin messages, and correspondence requires responding too--from the previous week--Never actually 
79	593715	597564	2026-04-29 20:04:13-0400	Claude Code	fe3b5028-ba95-40c4-9b6e-9dc044efba04	<local-command-caveat>Caveat: The messages below were generated by the user while running local commands. DO NOT respond
80	597565	598900	2026-02-18 11:43:16-0500	Codex CLI	019c71a2-3fdc-7531-9d74-73ba38a64a14	Generate a file named AGENTS.md that serves as a contributor guide for this repository.
81	598901	607273	2026-03-31 04:05:46-0400	Codex CLI	019d42ec-0708-7202-824a-856e88a3d0c4	/Users/4jp/Workspace/organvm-vii-kerygma
82	607274	615900	2026-04-01 19:18:22-0400	Codex CLI	019d4b57-06cc-7fc0-ac2b-84ddf6104129	Investigation complete. I have mapped the failure state
83	615901	624454	2026-04-02 11:08:21-0400	Codex CLI	019d4ebc-6c52-7532-aee4-9d11a727df34	other-session
84	624455	626557	2026-04-02 12:56:38-0400	Codex CLI	019d4f1f-8b20-7081-8750-b2241776a639	data--referenced-scheduled--review--system-wide
85	626558	627935	2026-04-02 14:17:43-0400	Codex CLI	019d4f69-fe8e-7db2-bd15-4ac82bf617df	to create a better sequence. Everything is a process. Everything is a sequence of commands. All sequences require standa
86	627936	649563	2026-04-27 23:39:28-0400	Codex CLI	019dd228-71b4-7ff0-9983-0367c8b5ac10	continue where i forced stopped
87	649564	655391	2026-04-29 12:08:52-0400	Codex CLI	019dd9f7-572f-7fc3-b197-250f1147b8c2	below is your workload assignment:::::::::::::
88	655392	660364	2026-04-29 12:23:13-0400	Codex CLI	019dda0d-0376-7040-b813-395a0beb0adf	review method ('anyone who knows anything would obviously make choices superior to the fool who came before' feedback fr
89	660365	660539	2026-03-31 04:42:37-0400	Gemini CLI	97acb6b0-f8a6-4f96-b0cf-dbae6d2d61b0	Thinking: The user has just shared a comprehensive audit report about their meta-organvm repository (a superproject topo
90	660540	668480	2026-04-01 10:47:35-0400	Gemini CLI	e9299919-ed06-4d36-a535-10142ae314a4	1 # Mail Triage — 2026-04-01
91	668481	671179	2026-04-02 01:11:28-0400	Gemini CLI	222cf3fb-337f-4365-873a-a671eb38b5ba	› who requires notice ownership?
92	671180	675150	2026-04-02 11:57:58-0400	Gemini CLI	6dc52238-4761-4845-b61b-a0a529dde1ea	complete--work-order--inspection
93	675151	679912	2026-04-02 11:59:40-0400	Gemini CLI	bd078f89-eb07-484d-ba3e-46ca8fe6efc6	complete--work-order--insppection
94	679913	685744	2026-04-02 12:57:33-0400	Gemini CLI	8d221566-4056-431d-a638-933bcb130e02	data--referenced-scheduled--review--system-wide
95	685745	693468	2026-04-02 14:21:41-0400	Gemini CLI	b35bfb17-92b1-4a22-8026-93cb2b718e9c	# SPEC-021: Process Sequence Governance
96	693469	693539	2026-04-03 13:09:50-0400	Gemini CLI	3ff6ca1e-ee48-4c12-a666-b84c672439fb	how do i make it i can interact with my entire workspace and now have an IDE try and load or process everything? @../Des
97	693540	693572	2026-04-03 16:16:23-0400	Gemini CLI	d2b37670-b0a1-430a-b2f9-7e09ab247a2c	the study of reality and existence
98	693573	699060	2026-04-06 17:53:33-0400	Gemini CLI	5ba4b71c-4d13-4180-aabf-8d4f88ecfc8c	────────────────────────────────────── fortify-organvm-postmortem ──
99	699061	701261	2026-04-06 18:16:34-0400	Gemini CLI	03f6202b-2d48-46a9-a295-06dfa3e10089	first act is a complete
100	701262	704269	2026-04-07 11:22:56-0400	Gemini CLI	1bc631df-9be8-459e-a235-fa5287de4c0b	plugin for gemini chat exports?
101	704270	707534	2026-04-28 00:10:06-0400	Gemini CLI	1705e339-e471-494f-a807-fef29738d508	;;;;;;;;;;;;;;;;;;;;;;;;
102	707535	711430	2026-04-28 17:16:51-0400	Gemini CLI	64554a69-2cf6-4d40-bd8b-0cce2d08b4fa	i wan t to compile and map all disparate or missing files, understand where theyre located and assemble them;
103	711431	711967	2026-04-29 13:09:03-0400	Gemini CLI	351e4f93-3cf1-45a1-9b24-00de5a4777a3	▀▀▀▀▀▀▀▀▀▀▀▀▀▀▀▀▀▀▀▀▀▀▀▀▀▀▀▀▀▀▀▀▀▀▀▀▀▀▀▀▀▀▀▀▀▀▀▀▀▀▀▀▀▀▀▀▀▀▀▀▀▀▀▀▀▀▀▀▀▀▀▀▀▀▀▀▀▀▀▀▀▀▀▀▀▀▀▀▀▀▀
104	711968	711984	2026-04-29 13:56:18-0400	Gemini CLI	972d9685-408a-49ed-8006-9c342276eaf4	We're the first to receive a A major task list. With your opportunity to claim a work stream that will only be yours and
105	711985	711996	2026-04-29 14:00:37-0400	Gemini CLI	b77581b4-b48c-4516-a4f4-ae47facdccc4	assess what are the issues currently with my Gemini or Gemini in general.
106	711997	714466	2026-04-29 14:31:06-0400	Gemini CLI	a818520b-2f0c-472e-9867-04ba3aa4009f	▀▀▀▀▀▀▀▀▀▀▀▀▀▀▀▀▀▀▀▀▀▀▀▀▀▀▀▀▀▀▀▀▀▀▀▀▀▀▀▀▀▀▀▀▀▀▀▀▀▀▀▀▀▀▀▀▀▀▀▀▀▀▀▀▀▀▀▀▀▀▀▀▀▀▀▀▀▀▀▀▀▀▀▀▀▀▀▀▀▀▀
107	714467	714756	2026-04-29 14:50:08-0400	Gemini CLI	9578f23f-446b-4bfb-ba43-93218d7d182a	> [Pasted Text: 12 lines]::::::::::::::::
108	714757	717776	2026-04-29 14:55:04-0400	Gemini CLI	87847ac7-6ef0-4cfd-977b-baeb714f9c1f	review method ('anyone who knows anything would obviously make choices superior to the fool who came before' feedback fr
109	717777	718588	2026-04-29 16:11:09-0400	Gemini CLI	b77a556e-71ca-4639-b9dd-821558c6f372	❯
